{"cameraMode":{"drawMode":0,"name":"Shaded","section":"Shading Mode"},"sceneLighting":true,"audioPlay":false,"sceneViewState":{"showFog":true,"showMaterialUpdate":true,"showSkybox":true,"showFlares":true,"showImageEffects":true,"showParticleSystems":true},"in2DMode":false,"pivot":{"x":1.1796687841415406,"y":18.864830017089845,"z":-12.810976028442383},"rotation":{"x":0.042641639709472659,"y":0.959831178188324,"z":-0.20414206385612489,"w":0.18975596129894257},"size":1.8385709524154664,"orthographic":false}