{"cameraMode":{"drawMode":0,"name":"Shaded","section":"Shading Mode"},"sceneLighting":true,"audioPlay":false,"sceneViewState":{"showFog":true,"showMaterialUpdate":false,"showSkybox":true,"showFlares":true,"showImageEffects":true,"showParticleSystems":true},"in2DMode":false,"pivot":{"x":21.259746551513673,"y":32.95502853393555,"z":30.784034729003908},"rotation":{"x":-0.08416047692298889,"y":0.7982227802276611,"z":-0.11477643996477127,"w":-0.585306704044342},"size":5.937173843383789,"orthographic":false}