{"cameraMode":{"drawMode":0,"name":"Shaded","section":"Shading Mode"},"sceneLighting":false,"audioPlay":false,"sceneViewState":{"showFog":true,"showMaterialUpdate":false,"showSkybox":false,"showFlares":true,"showImageEffects":true,"showParticleSystems":true},"in2DMode":false,"pivot":{"x":-6.91333532333374,"y":5.777228355407715,"z":-0.7079905867576599},"rotation":{"x":0.11866588145494461,"y":-0.7482652068138123,"z":0.13651502132415772,"w":0.6387639045715332},"size":3.1035525798797609,"orthographic":false}