{"cameraMode":{"drawMode":0,"name":"Shaded","section":"Shading Mode"},"sceneLighting":false,"audioPlay":false,"sceneViewState":{"showFog":true,"showMaterialUpdate":false,"showSkybox":false,"showFlares":true,"showImageEffects":true,"showParticleSystems":true},"in2DMode":false,"pivot":{"x":0.6674926280975342,"y":5.055423736572266,"z":-0.66245436668396},"rotation":{"x":0.1783556342124939,"y":-0.11504993587732315,"z":0.01937558501958847,"w":0.9773513674736023},"size":4.069465160369873,"orthographic":false}