{"cameraMode":{"drawMode":0,"name":"Shaded","section":"Shading Mode"},"sceneLighting":false,"audioPlay":false,"sceneViewState":{"showFog":true,"showMaterialUpdate":false,"showSkybox":false,"showFlares":true,"showImageEffects":true,"showParticleSystems":true},"in2DMode":false,"pivot":{"x":-2.144575834274292,"y":2.510026454925537,"z":0.3263731002807617},"rotation":{"x":0.11603163927793503,"y":-0.14705915749073029,"z":0.0157496128231287,"w":0.9824971556663513},"size":8.122251510620118,"orthographic":false}