{"cameraMode":{"drawMode":0,"name":"Shaded","section":"Shading Mode"},"sceneLighting":false,"audioPlay":false,"sceneViewState":{"showFog":true,"showMaterialUpdate":false,"showSkybox":false,"showFlares":true,"showImageEffects":true,"showParticleSystems":true},"in2DMode":false,"pivot":{"x":-83.5999984741211,"y":5.482529640197754,"z":-19.539932250976564},"rotation":{"x":-0.051478832960128787,"y":0.9477525353431702,"z":-0.2547342777252197,"w":-0.18668900430202485},"size":62.07105255126953,"orthographic":false}